
INSERT INTO t_student (birthday, c_name, create_time, id, gender) VALUES ('1990-01-01', '赵雷', '2020-08-16 20:29:24.018000', '7e209ad4-59c8-4aa8-a93c-15d53cc1820c', 'Male');
INSERT INTO t_student (birthday, c_name, create_time, id, gender) VALUES ('1990-12-21', '钱电', '2020-08-16 20:29:24.022000', '41893fdf-5cff-4e0a-b306-21b33c09841c', 'Male');
INSERT INTO t_student (birthday, c_name, create_time, id, gender) VALUES ('1990-05-20', '孙风', '2020-08-16 20:29:24.022000', '87652575-2401-4a03-9c7f-9811df86f417', 'Male');
INSERT INTO t_student (birthday, c_name, create_time, id, gender) VALUES ('1990-08-06', '李云', '2020-08-16 20:29:24.022000', '81a8b4f7-ef0d-4568-9937-503793b5d394', 'Male');
INSERT INTO t_student (birthday, c_name, create_time, id, gender) VALUES ('1991-12-01', '周梅', '2020-08-16 20:29:24.022000', '5d470c78-62aa-46b3-be6d-22ce8ff3cd44', 'Female');
INSERT INTO t_student (birthday, c_name, create_time, id, gender) VALUES ('1992-03-01', '吴兰', '2020-08-16 20:29:24.022000', 'e319425b-a6d8-4193-b544-ed7f1c2c730a', 'Female');
INSERT INTO t_student (birthday, c_name, create_time, id, gender) VALUES ('1989-07-01', '郑竹', '2020-08-16 20:29:24.022000', '251f826f-5b95-4a24-a678-fb01c2025a1c', 'Female');
INSERT INTO t_student (birthday, c_name, create_time, id, gender) VALUES ('1990-01-20', '王菊', '2020-08-16 20:29:24.022000', '48f387d1-9270-43f9-a88a-f937e7e2e350', 'Female');
INSERT INTO t_teacher (c_name, create_time, id) VALUES ('张老师', '2020-08-16 20:29:24.468000', 'ac6b800f-7a6c-4139-9988-ceba3682bc09');
INSERT INTO t_teacher (c_name, create_time, id) VALUES ('李老师', '2020-08-16 20:29:24.468000', '4140da62-c26b-48c1-9566-6c07cff83604');
INSERT INTO t_teacher (c_name, create_time, id) VALUES ('王老师', '2020-08-16 20:29:24.468000', 'f6e75a2f-daf6-4e51-868f-b1eb130ac96f');
INSERT INTO t_course (c_name, create_time, id, teacher_id) VALUES ('语文', '2020-08-16 20:29:24.879000', '9991554d-529e-4816-adf5-7a1ae579f94b', 'ac6b800f-7a6c-4139-9988-ceba3682bc09');
INSERT INTO t_course (c_name, create_time, id, teacher_id) VALUES ('数学', '2020-08-16 20:29:24.879000', 'a401c550-ea5f-4deb-ba60-6a2b05c10692', '4140da62-c26b-48c1-9566-6c07cff83604');
INSERT INTO t_course (c_name, create_time, id, teacher_id) VALUES ('英语', '2020-08-16 20:29:24.879000', '84f3530b-2b07-4e51-8c27-92f08004d670', 'f6e75a2f-daf6-4e51-868f-b1eb130ac96f');
INSERT INTO t_score (course_id, create_time, id, score, student_id) VALUES ('9991554d-529e-4816-adf5-7a1ae579f94b', '2020-08-16 20:29:25.327000', '05365a40-0e86-4530-bf36-ef07d0b461e7', 80.0, '7e209ad4-59c8-4aa8-a93c-15d53cc1820c');
INSERT INTO t_score (course_id, create_time, id, score, student_id) VALUES ('a401c550-ea5f-4deb-ba60-6a2b05c10692', '2020-08-16 20:29:25.328000', 'aa9058cb-0a0c-4c2e-800d-4376218b262c', 90.0, '7e209ad4-59c8-4aa8-a93c-15d53cc1820c');
INSERT INTO t_score (course_id, create_time, id, score, student_id) VALUES ('84f3530b-2b07-4e51-8c27-92f08004d670', '2020-08-16 20:29:25.328000', '40c10a2b-f4ec-4a48-948b-047acd13e80e', 99.0, '7e209ad4-59c8-4aa8-a93c-15d53cc1820c');
INSERT INTO t_score (course_id, create_time, id, score, student_id) VALUES ('9991554d-529e-4816-adf5-7a1ae579f94b', '2020-08-16 20:29:25.328000', 'a5e7595f-c1a9-483d-8cc4-2650eb6a9c56', 70.0, '41893fdf-5cff-4e0a-b306-21b33c09841c');
INSERT INTO t_score (course_id, create_time, id, score, student_id) VALUES ('a401c550-ea5f-4deb-ba60-6a2b05c10692', '2020-08-16 20:29:25.328000', 'd0c536dc-b33a-4729-ba3b-2d98262ca001', 60.0, '41893fdf-5cff-4e0a-b306-21b33c09841c');
INSERT INTO t_score (course_id, create_time, id, score, student_id) VALUES ('84f3530b-2b07-4e51-8c27-92f08004d670', '2020-08-16 20:29:25.328000', 'c3783305-19fe-467d-91a9-81a8e41dcf36', 80.0, '41893fdf-5cff-4e0a-b306-21b33c09841c');
INSERT INTO t_score (course_id, create_time, id, score, student_id) VALUES ('9991554d-529e-4816-adf5-7a1ae579f94b', '2020-08-16 20:29:25.328000', '8288cb0e-12a6-4081-bee1-c4ca6db7995a', 80.0, '87652575-2401-4a03-9c7f-9811df86f417');
INSERT INTO t_score (course_id, create_time, id, score, student_id) VALUES ('a401c550-ea5f-4deb-ba60-6a2b05c10692', '2020-08-16 20:29:25.329000', '63a1eff1-a58e-43e7-88d5-74c32f703a5a', 80.0, '87652575-2401-4a03-9c7f-9811df86f417');
INSERT INTO t_score (course_id, create_time, id, score, student_id) VALUES ('84f3530b-2b07-4e51-8c27-92f08004d670', '2020-08-16 20:29:25.329000', 'c65ca2e0-6454-47d8-9990-9aeb2fd1b11b', 80.0, '87652575-2401-4a03-9c7f-9811df86f417');
INSERT INTO t_score (course_id, create_time, id, score, student_id) VALUES ('9991554d-529e-4816-adf5-7a1ae579f94b', '2020-08-16 20:29:25.329000', '1fa0f0bb-9395-4e9d-a66a-7b6f7c6c6489', 50.0, '81a8b4f7-ef0d-4568-9937-503793b5d394');
INSERT INTO t_score (course_id, create_time, id, score, student_id) VALUES ('a401c550-ea5f-4deb-ba60-6a2b05c10692', '2020-08-16 20:29:25.329000', 'c3a3a951-deb3-4ff5-b245-a10179972693', 30.0, '81a8b4f7-ef0d-4568-9937-503793b5d394');
INSERT INTO t_score (course_id, create_time, id, score, student_id) VALUES ('84f3530b-2b07-4e51-8c27-92f08004d670', '2020-08-16 20:29:25.329000', '80dbdc9b-855f-488d-8368-2a7da8c355b0', 20.0, '81a8b4f7-ef0d-4568-9937-503793b5d394');
INSERT INTO t_score (course_id, create_time, id, score, student_id) VALUES ('9991554d-529e-4816-adf5-7a1ae579f94b', '2020-08-16 20:29:25.330000', '12685d70-324b-48a5-bc0e-874bc1c241e0', 76.0, '5d470c78-62aa-46b3-be6d-22ce8ff3cd44');
INSERT INTO t_score (course_id, create_time, id, score, student_id) VALUES ('a401c550-ea5f-4deb-ba60-6a2b05c10692', '2020-08-16 20:29:25.330000', '6eb1e812-8eba-4be8-8b95-5f6804f5a4b0', 87.0, '5d470c78-62aa-46b3-be6d-22ce8ff3cd44');
INSERT INTO t_score (course_id, create_time, id, score, student_id) VALUES ('9991554d-529e-4816-adf5-7a1ae579f94b', '2020-08-16 20:29:25.330000', '8044e0da-b8a5-41ed-8935-2a500013a24c', 31.0, 'e319425b-a6d8-4193-b544-ed7f1c2c730a');
INSERT INTO t_score (course_id, create_time, id, score, student_id) VALUES ('84f3530b-2b07-4e51-8c27-92f08004d670', '2020-08-16 20:29:25.330000', '7384789c-0318-445f-a13d-fb6438b5e5d1', 34.0, 'e319425b-a6d8-4193-b544-ed7f1c2c730a');
INSERT INTO t_score (course_id, create_time, id, score, student_id) VALUES ('a401c550-ea5f-4deb-ba60-6a2b05c10692', '2020-08-16 20:29:25.330000', '8e5712f9-f17e-43b4-a66a-e79158a65d8a', 89.0, '251f826f-5b95-4a24-a678-fb01c2025a1c');
INSERT INTO t_score (course_id, create_time, id, score, student_id) VALUES ('84f3530b-2b07-4e51-8c27-92f08004d670', '2020-08-16 20:29:25.330000', '36c50538-bbc5-4de4-b3d9-e1d4af66fb4d', 98.0, '251f826f-5b95-4a24-a678-fb01c2025a1c');
